PlanName,Ref,PlanNumber
"Plan for 23-Feb",1790,1.00000000e+00
"Plan for 23-Feb",7189,2.00000000e+00
"Plan for 23-Feb",7310,3.00000000e+00
"Plan for 23-Feb",2285,4.00000000e+00
"Plan for 23-Feb",7338,5.00000000e+00
"Plan for 23-Feb",7186,6.00000000e+00
